mode,label,transport,global_batch_seqs,gpus,timed_step_index,step_ms,source_file
ddp_naive,Naive,Forced TCP/loopback,64,8,0,1650.5,out/prime-diloco/session_out/bench-control/20260821T150140Z/results.json
ddp_naive,Naive,Forced TCP/loopback,64,8,1,1456.1,out/prime-diloco/session_out/bench-control/20260821T150140Z/results.json
ddp_naive,Naive,Forced TCP/loopback,64,8,2,1447.4,out/prime-diloco/session_out/bench-control/20260821T150140Z/results.json
ddp_naive,Naive,Forced TCP/loopback,64,8,3,1408.0,out/prime-diloco/session_out/bench-control/20260821T150140Z/results.json
ddp_naive,Naive,Forced TCP/loopback,64,8,4,1449.8,out/prime-diloco/session_out/bench-control/20260821T150140Z/results.json
ddp_naive,Naive,Forced TCP/loopback,64,8,5,1465.9,out/prime-diloco/session_out/bench-control/20260821T150140Z/results.json
ddp_naive,Naive,Forced TCP/loopback,64,8,6,1620.8,out/prime-diloco/session_out/bench-control/20260821T150140Z/results.json
ddp_naive,Naive,Forced TCP/loopback,64,8,7,1629.9,out/prime-diloco/session_out/bench-control/20260821T150140Z/results.json
ddp_naive,Naive,Forced TCP/loopback,64,8,8,1367.3,out/prime-diloco/session_out/bench-control/20260821T150140Z/results.json
ddp_naive,Naive,Forced TCP/loopback,64,8,9,1725.3,out/prime-diloco/session_out/bench-control/20260821T150140Z/results.json
ddp_naive,Naive,Forced TCP/loopback,64,8,10,1756.3,out/prime-diloco/session_out/bench-control/20260821T150140Z/results.json
ddp_naive,Naive,Forced TCP/loopback,64,8,11,1740.4,out/prime-diloco/session_out/bench-control/20260821T150140Z/results.json
ddp_naive,Naive,Forced TCP/loopback,64,8,12,1720.2,out/prime-diloco/session_out/bench-control/20260821T150140Z/results.json
ddp_naive,Naive,Forced TCP/loopback,64,8,13,1757.4,out/prime-diloco/session_out/bench-control/20260821T150140Z/results.json
ddp_naive,Naive,Forced TCP/loopback,64,8,14,1744.0,out/prime-diloco/session_out/bench-control/20260821T150140Z/results.json
ddp_bucketed,Bucketed,Forced TCP/loopback,64,8,0,1209.4,out/prime-diloco/session_out/bench-control/20260821T150140Z/results.json
ddp_bucketed,Bucketed,Forced TCP/loopback,64,8,1,1207.7,out/prime-diloco/session_out/bench-control/20260821T150140Z/results.json
ddp_bucketed,Bucketed,Forced TCP/loopback,64,8,2,1194.8,out/prime-diloco/session_out/bench-control/20260821T150140Z/results.json
ddp_bucketed,Bucketed,Forced TCP/loopback,64,8,3,1123.6,out/prime-diloco/session_out/bench-control/20260821T150140Z/results.json
ddp_bucketed,Bucketed,Forced TCP/loopback,64,8,4,1223.1,out/prime-diloco/session_out/bench-control/20260821T150140Z/results.json
ddp_bucketed,Bucketed,Forced TCP/loopback,64,8,5,1125.5,out/prime-diloco/session_out/bench-control/20260821T150140Z/results.json
ddp_bucketed,Bucketed,Forced TCP/loopback,64,8,6,1140.8,out/prime-diloco/session_out/bench-control/20260821T150140Z/results.json
ddp_bucketed,Bucketed,Forced TCP/loopback,64,8,7,1116.4,out/prime-diloco/session_out/bench-control/20260821T150140Z/results.json
ddp_bucketed,Bucketed,Forced TCP/loopback,64,8,8,1130.4,out/prime-diloco/session_out/bench-control/20260821T150140Z/results.json
ddp_bucketed,Bucketed,Forced TCP/loopback,64,8,9,1132.5,out/prime-diloco/session_out/bench-control/20260821T150140Z/results.json
ddp_bucketed,Bucketed,Forced TCP/loopback,64,8,10,1112.8,out/prime-diloco/session_out/bench-control/20260821T150140Z/results.json
ddp_bucketed,Bucketed,Forced TCP/loopback,64,8,11,1155.9,out/prime-diloco/session_out/bench-control/20260821T150140Z/results.json
ddp_bucketed,Bucketed,Forced TCP/loopback,64,8,12,1130.5,out/prime-diloco/session_out/bench-control/20260821T150140Z/results.json
ddp_bucketed,Bucketed,Forced TCP/loopback,64,8,13,1502.6,out/prime-diloco/session_out/bench-control/20260821T150140Z/results.json
ddp_bucketed,Bucketed,Forced TCP/loopback,64,8,14,1651.0,out/prime-diloco/session_out/bench-control/20260821T150140Z/results.json
ddp_interleaved,Interleaved,Forced TCP/loopback,64,8,0,1177.6,out/prime-diloco/session_out/bench-control/20260821T150140Z/results.json
ddp_interleaved,Interleaved,Forced TCP/loopback,64,8,1,1164.3,out/prime-diloco/session_out/bench-control/20260821T150140Z/results.json
ddp_interleaved,Interleaved,Forced TCP/loopback,64,8,2,1176.7,out/prime-diloco/session_out/bench-control/20260821T150140Z/results.json
ddp_interleaved,Interleaved,Forced TCP/loopback,64,8,3,1178.1,out/prime-diloco/session_out/bench-control/20260821T150140Z/results.json
ddp_interleaved,Interleaved,Forced TCP/loopback,64,8,4,1173.6,out/prime-diloco/session_out/bench-control/20260821T150140Z/results.json
ddp_interleaved,Interleaved,Forced TCP/loopback,64,8,5,1231.7,out/prime-diloco/session_out/bench-control/20260821T150140Z/results.json
ddp_interleaved,Interleaved,Forced TCP/loopback,64,8,6,1167.6,out/prime-diloco/session_out/bench-control/20260821T150140Z/results.json
ddp_interleaved,Interleaved,Forced TCP/loopback,64,8,7,1132.7,out/prime-diloco/session_out/bench-control/20260821T150140Z/results.json
ddp_interleaved,Interleaved,Forced TCP/loopback,64,8,8,1137.4,out/prime-diloco/session_out/bench-control/20260821T150140Z/results.json
ddp_interleaved,Interleaved,Forced TCP/loopback,64,8,9,1145.3,out/prime-diloco/session_out/bench-control/20260821T150140Z/results.json
ddp_interleaved,Interleaved,Forced TCP/loopback,64,8,10,1169.3,out/prime-diloco/session_out/bench-control/20260821T150140Z/results.json
ddp_interleaved,Interleaved,Forced TCP/loopback,64,8,11,1180.2,out/prime-diloco/session_out/bench-control/20260821T150140Z/results.json
ddp_interleaved,Interleaved,Forced TCP/loopback,64,8,12,1249.1,out/prime-diloco/session_out/bench-control/20260821T150140Z/results.json
ddp_interleaved,Interleaved,Forced TCP/loopback,64,8,13,1204.9,out/prime-diloco/session_out/bench-control/20260821T150140Z/results.json
ddp_interleaved,Interleaved,Forced TCP/loopback,64,8,14,1218.0,out/prime-diloco/session_out/bench-control/20260821T150140Z/results.json
ddp_torch,PyTorch DDP,Forced TCP/loopback,64,8,0,1220.1,out/prime-diloco/session_out/bench-control/20260821T150140Z/results.json
ddp_torch,PyTorch DDP,Forced TCP/loopback,64,8,1,1158.1,out/prime-diloco/session_out/bench-control/20260821T150140Z/results.json
ddp_torch,PyTorch DDP,Forced TCP/loopback,64,8,2,1134.9,out/prime-diloco/session_out/bench-control/20260821T150140Z/results.json
ddp_torch,PyTorch DDP,Forced TCP/loopback,64,8,3,1189.5,out/prime-diloco/session_out/bench-control/20260821T150140Z/results.json
ddp_torch,PyTorch DDP,Forced TCP/loopback,64,8,4,1217.9,out/prime-diloco/session_out/bench-control/20260821T150140Z/results.json
ddp_torch,PyTorch DDP,Forced TCP/loopback,64,8,5,1173.7,out/prime-diloco/session_out/bench-control/20260821T150140Z/results.json
ddp_torch,PyTorch DDP,Forced TCP/loopback,64,8,6,1224.3,out/prime-diloco/session_out/bench-control/20260821T150140Z/results.json
ddp_torch,PyTorch DDP,Forced TCP/loopback,64,8,7,1435.7,out/prime-diloco/session_out/bench-control/20260821T150140Z/results.json
ddp_torch,PyTorch DDP,Forced TCP/loopback,64,8,8,1433.0,out/prime-diloco/session_out/bench-control/20260821T150140Z/results.json
ddp_torch,PyTorch DDP,Forced TCP/loopback,64,8,9,1205.0,out/prime-diloco/session_out/bench-control/20260821T150140Z/results.json
ddp_torch,PyTorch DDP,Forced TCP/loopback,64,8,10,1243.3,out/prime-diloco/session_out/bench-control/20260821T150140Z/results.json
ddp_torch,PyTorch DDP,Forced TCP/loopback,64,8,11,1200.9,out/prime-diloco/session_out/bench-control/20260821T150140Z/results.json
ddp_torch,PyTorch DDP,Forced TCP/loopback,64,8,12,1528.7,out/prime-diloco/session_out/bench-control/20260821T150140Z/results.json
ddp_torch,PyTorch DDP,Forced TCP/loopback,64,8,13,1463.1,out/prime-diloco/session_out/bench-control/20260821T150140Z/results.json
ddp_torch,PyTorch DDP,Forced TCP/loopback,64,8,14,1453.6,out/prime-diloco/session_out/bench-control/20260821T150140Z/results.json
ddp_interleaved,Interleaved,NVLink NV12,480,8,0,337.1,out/prime-pcie/session_out/bench-8gpu/20260821T170426Z/results.json
ddp_interleaved,Interleaved,NVLink NV12,480,8,1,337.4,out/prime-pcie/session_out/bench-8gpu/20260821T170426Z/results.json
ddp_interleaved,Interleaved,NVLink NV12,480,8,2,338.5,out/prime-pcie/session_out/bench-8gpu/20260821T170426Z/results.json
ddp_interleaved,Interleaved,NVLink NV12,480,8,3,338.9,out/prime-pcie/session_out/bench-8gpu/20260821T170426Z/results.json
ddp_interleaved,Interleaved,NVLink NV12,480,8,4,337.9,out/prime-pcie/session_out/bench-8gpu/20260821T170426Z/results.json
ddp_interleaved,Interleaved,NVLink NV12,480,8,5,337.0,out/prime-pcie/session_out/bench-8gpu/20260821T170426Z/results.json
ddp_interleaved,Interleaved,NVLink NV12,480,8,6,338.1,out/prime-pcie/session_out/bench-8gpu/20260821T170426Z/results.json
ddp_interleaved,Interleaved,NVLink NV12,480,8,7,337.3,out/prime-pcie/session_out/bench-8gpu/20260821T170426Z/results.json
ddp_interleaved,Interleaved,NVLink NV12,480,8,8,336.5,out/prime-pcie/session_out/bench-8gpu/20260821T170426Z/results.json
ddp_interleaved,Interleaved,NVLink NV12,480,8,9,338.7,out/prime-pcie/session_out/bench-8gpu/20260821T170426Z/results.json
ddp_interleaved,Interleaved,NVLink NV12,480,8,10,338.2,out/prime-pcie/session_out/bench-8gpu/20260821T170426Z/results.json
ddp_interleaved,Interleaved,NVLink NV12,480,8,11,337.7,out/prime-pcie/session_out/bench-8gpu/20260821T170426Z/results.json
ddp_torch,PyTorch DDP,NVLink NV12,480,8,0,341.8,out/prime-pcie/session_out/bench-8gpu/20260821T170426Z/results.json
ddp_torch,PyTorch DDP,NVLink NV12,480,8,1,340.4,out/prime-pcie/session_out/bench-8gpu/20260821T170426Z/results.json
ddp_torch,PyTorch DDP,NVLink NV12,480,8,2,340.4,out/prime-pcie/session_out/bench-8gpu/20260821T170426Z/results.json
ddp_torch,PyTorch DDP,NVLink NV12,480,8,3,339.9,out/prime-pcie/session_out/bench-8gpu/20260821T170426Z/results.json
ddp_torch,PyTorch DDP,NVLink NV12,480,8,4,339.5,out/prime-pcie/session_out/bench-8gpu/20260821T170426Z/results.json
ddp_torch,PyTorch DDP,NVLink NV12,480,8,5,340.7,out/prime-pcie/session_out/bench-8gpu/20260821T170426Z/results.json
ddp_torch,PyTorch DDP,NVLink NV12,480,8,6,340.6,out/prime-pcie/session_out/bench-8gpu/20260821T170426Z/results.json
ddp_torch,PyTorch DDP,NVLink NV12,480,8,7,340.4,out/prime-pcie/session_out/bench-8gpu/20260821T170426Z/results.json
ddp_torch,PyTorch DDP,NVLink NV12,480,8,8,341.0,out/prime-pcie/session_out/bench-8gpu/20260821T170426Z/results.json
ddp_torch,PyTorch DDP,NVLink NV12,480,8,9,338.9,out/prime-pcie/session_out/bench-8gpu/20260821T170426Z/results.json
ddp_torch,PyTorch DDP,NVLink NV12,480,8,10,339.4,out/prime-pcie/session_out/bench-8gpu/20260821T170426Z/results.json
ddp_torch,PyTorch DDP,NVLink NV12,480,8,11,341.1,out/prime-pcie/session_out/bench-8gpu/20260821T170426Z/results.json
ddp_interleaved,Interleaved,"A100 PCIe (P2P off, SHM)",480,2,0,1864.7,out/runpod-pcie/session_out/bench-b480-il/20260822T193853Z/results.json
ddp_interleaved,Interleaved,"A100 PCIe (P2P off, SHM)",480,2,1,1868.9,out/runpod-pcie/session_out/bench-b480-il/20260822T193853Z/results.json
ddp_interleaved,Interleaved,"A100 PCIe (P2P off, SHM)",480,2,2,1858.6,out/runpod-pcie/session_out/bench-b480-il/20260822T193853Z/results.json
ddp_interleaved,Interleaved,"A100 PCIe (P2P off, SHM)",480,2,3,1868.2,out/runpod-pcie/session_out/bench-b480-il/20260822T193853Z/results.json
ddp_interleaved,Interleaved,"A100 PCIe (P2P off, SHM)",480,2,4,1856.4,out/runpod-pcie/session_out/bench-b480-il/20260822T193853Z/results.json
ddp_interleaved,Interleaved,"A100 PCIe (P2P off, SHM)",480,2,5,1851.0,out/runpod-pcie/session_out/bench-b480-il/20260822T193853Z/results.json
ddp_interleaved,Interleaved,"A100 PCIe (P2P off, SHM)",480,2,6,1861.7,out/runpod-pcie/session_out/bench-b480-il/20260822T193853Z/results.json
ddp_interleaved,Interleaved,"A100 PCIe (P2P off, SHM)",480,2,7,1862.2,out/runpod-pcie/session_out/bench-b480-il/20260822T193853Z/results.json
ddp_interleaved,Interleaved,"A100 PCIe (P2P off, SHM)",480,2,8,1858.6,out/runpod-pcie/session_out/bench-b480-il/20260822T193853Z/results.json
ddp_interleaved,Interleaved,"A100 PCIe (P2P off, SHM)",480,2,9,1893.6,out/runpod-pcie/session_out/bench-b480-il/20260822T193853Z/results.json
ddp_interleaved,Interleaved,"A100 PCIe (P2P off, SHM)",480,2,10,1867.1,out/runpod-pcie/session_out/bench-b480-il/20260822T193853Z/results.json
ddp_interleaved,Interleaved,"A100 PCIe (P2P off, SHM)",480,2,11,1872.0,out/runpod-pcie/session_out/bench-b480-il/20260822T193853Z/results.json
ddp_interleaved,Interleaved,"A100 PCIe (P2P off, SHM)",480,2,12,1881.9,out/runpod-pcie/session_out/bench-b480-il/20260822T193853Z/results.json
ddp_interleaved,Interleaved,"A100 PCIe (P2P off, SHM)",480,2,13,1878.0,out/runpod-pcie/session_out/bench-b480-il/20260822T193853Z/results.json
ddp_interleaved,Interleaved,"A100 PCIe (P2P off, SHM)",480,2,14,1897.0,out/runpod-pcie/session_out/bench-b480-il/20260822T193853Z/results.json
ddp_torch,PyTorch DDP,"A100 PCIe (P2P off, SHM)",480,2,0,1767.3,out/runpod-pcie/session_out/bench-b480/20260822T193724Z/results.json
ddp_torch,PyTorch DDP,"A100 PCIe (P2P off, SHM)",480,2,1,1769.9,out/runpod-pcie/session_out/bench-b480/20260822T193724Z/results.json
ddp_torch,PyTorch DDP,"A100 PCIe (P2P off, SHM)",480,2,2,1721.8,out/runpod-pcie/session_out/bench-b480/20260822T193724Z/results.json
ddp_torch,PyTorch DDP,"A100 PCIe (P2P off, SHM)",480,2,3,1729.4,out/runpod-pcie/session_out/bench-b480/20260822T193724Z/results.json
ddp_torch,PyTorch DDP,"A100 PCIe (P2P off, SHM)",480,2,4,1744.6,out/runpod-pcie/session_out/bench-b480/20260822T193724Z/results.json
ddp_torch,PyTorch DDP,"A100 PCIe (P2P off, SHM)",480,2,5,1727.6,out/runpod-pcie/session_out/bench-b480/20260822T193724Z/results.json
ddp_torch,PyTorch DDP,"A100 PCIe (P2P off, SHM)",480,2,6,1740.3,out/runpod-pcie/session_out/bench-b480/20260822T193724Z/results.json
ddp_torch,PyTorch DDP,"A100 PCIe (P2P off, SHM)",480,2,7,1790.6,out/runpod-pcie/session_out/bench-b480/20260822T193724Z/results.json
ddp_torch,PyTorch DDP,"A100 PCIe (P2P off, SHM)",480,2,8,1767.6,out/runpod-pcie/session_out/bench-b480/20260822T193724Z/results.json
ddp_torch,PyTorch DDP,"A100 PCIe (P2P off, SHM)",480,2,9,1734.0,out/runpod-pcie/session_out/bench-b480/20260822T193724Z/results.json
ddp_torch,PyTorch DDP,"A100 PCIe (P2P off, SHM)",480,2,10,1738.1,out/runpod-pcie/session_out/bench-b480/20260822T193724Z/results.json
ddp_torch,PyTorch DDP,"A100 PCIe (P2P off, SHM)",480,2,11,1728.1,out/runpod-pcie/session_out/bench-b480/20260822T193724Z/results.json
ddp_torch,PyTorch DDP,"A100 PCIe (P2P off, SHM)",480,2,12,1746.2,out/runpod-pcie/session_out/bench-b480/20260822T193724Z/results.json
ddp_torch,PyTorch DDP,"A100 PCIe (P2P off, SHM)",480,2,13,1741.2,out/runpod-pcie/session_out/bench-b480/20260822T193724Z/results.json
ddp_torch,PyTorch DDP,"A100 PCIe (P2P off, SHM)",480,2,14,1734.5,out/runpod-pcie/session_out/bench-b480/20260822T193724Z/results.json
ddp_interleaved,Interleaved,Forced TCP/loopback,480,8,0,1208.8,out/prime-pcie/session_out/bench-8gpu-socket/20260821T170636Z/results.json
ddp_interleaved,Interleaved,Forced TCP/loopback,480,8,1,1240.8,out/prime-pcie/session_out/bench-8gpu-socket/20260821T170636Z/results.json
ddp_interleaved,Interleaved,Forced TCP/loopback,480,8,2,1217.9,out/prime-pcie/session_out/bench-8gpu-socket/20260821T170636Z/results.json
ddp_interleaved,Interleaved,Forced TCP/loopback,480,8,3,1218.0,out/prime-pcie/session_out/bench-8gpu-socket/20260821T170636Z/results.json
ddp_interleaved,Interleaved,Forced TCP/loopback,480,8,4,1213.4,out/prime-pcie/session_out/bench-8gpu-socket/20260821T170636Z/results.json
ddp_interleaved,Interleaved,Forced TCP/loopback,480,8,5,1199.5,out/prime-pcie/session_out/bench-8gpu-socket/20260821T170636Z/results.json
ddp_interleaved,Interleaved,Forced TCP/loopback,480,8,6,1251.1,out/prime-pcie/session_out/bench-8gpu-socket/20260821T170636Z/results.json
ddp_interleaved,Interleaved,Forced TCP/loopback,480,8,7,1211.3,out/prime-pcie/session_out/bench-8gpu-socket/20260821T170636Z/results.json
ddp_interleaved,Interleaved,Forced TCP/loopback,480,8,8,1203.2,out/prime-pcie/session_out/bench-8gpu-socket/20260821T170636Z/results.json
ddp_interleaved,Interleaved,Forced TCP/loopback,480,8,9,1221.3,out/prime-pcie/session_out/bench-8gpu-socket/20260821T170636Z/results.json
ddp_interleaved,Interleaved,Forced TCP/loopback,480,8,10,1215.2,out/prime-pcie/session_out/bench-8gpu-socket/20260821T170636Z/results.json
ddp_interleaved,Interleaved,Forced TCP/loopback,480,8,11,1220.6,out/prime-pcie/session_out/bench-8gpu-socket/20260821T170636Z/results.json
ddp_torch,PyTorch DDP,Forced TCP/loopback,480,8,0,1169.9,out/prime-pcie/session_out/bench-8gpu-socket/20260821T170636Z/results.json
ddp_torch,PyTorch DDP,Forced TCP/loopback,480,8,1,1204.0,out/prime-pcie/session_out/bench-8gpu-socket/20260821T170636Z/results.json
ddp_torch,PyTorch DDP,Forced TCP/loopback,480,8,2,1218.3,out/prime-pcie/session_out/bench-8gpu-socket/20260821T170636Z/results.json
ddp_torch,PyTorch DDP,Forced TCP/loopback,480,8,3,1381.2,out/prime-pcie/session_out/bench-8gpu-socket/20260821T170636Z/results.json
ddp_torch,PyTorch DDP,Forced TCP/loopback,480,8,4,1216.9,out/prime-pcie/session_out/bench-8gpu-socket/20260821T170636Z/results.json
ddp_torch,PyTorch DDP,Forced TCP/loopback,480,8,5,1332.5,out/prime-pcie/session_out/bench-8gpu-socket/20260821T170636Z/results.json
ddp_torch,PyTorch DDP,Forced TCP/loopback,480,8,6,1370.8,out/prime-pcie/session_out/bench-8gpu-socket/20260821T170636Z/results.json
ddp_torch,PyTorch DDP,Forced TCP/loopback,480,8,7,1328.6,out/prime-pcie/session_out/bench-8gpu-socket/20260821T170636Z/results.json
ddp_torch,PyTorch DDP,Forced TCP/loopback,480,8,8,1316.5,out/prime-pcie/session_out/bench-8gpu-socket/20260821T170636Z/results.json
ddp_torch,PyTorch DDP,Forced TCP/loopback,480,8,9,1234.2,out/prime-pcie/session_out/bench-8gpu-socket/20260821T170636Z/results.json
ddp_torch,PyTorch DDP,Forced TCP/loopback,480,8,10,1168.6,out/prime-pcie/session_out/bench-8gpu-socket/20260821T170636Z/results.json
ddp_torch,PyTorch DDP,Forced TCP/loopback,480,8,11,1302.3,out/prime-pcie/session_out/bench-8gpu-socket/20260821T170636Z/results.json
