fabric,micro_batch,global_batch_seqs,tokens_per_rank_per_backward,gpus,mode,label,timed_steps,mean_ms,median_ms,std_ms,min_ms,gpu,status,source_file
Forced TCP/loopback,8,16,8192,2,ddp_bucketed,Bucketed,10,346.54,346.85,2.293081381508787,342.4,NVIDIA A100-SXM4-80GB,measured,out/ratio-sweep-full/session_out/sweep-tcp-m8/20260824T155727Z/results.json
Forced TCP/loopback,8,16,8192,2,ddp_interleaved,Interleaved,10,344.88,344.0,5.568323106844846,337.3,NVIDIA A100-SXM4-80GB,measured,out/ratio-sweep-full/session_out/sweep-tcp-m8/20260824T155727Z/results.json
Forced TCP/loopback,8,16,8192,2,ddp_naive,Naive,10,357.40999999999997,357.5,2.870327120343215,353.4,NVIDIA A100-SXM4-80GB,measured,out/ratio-sweep-full/session_out/sweep-tcp-m8/20260824T155727Z/results.json
Forced TCP/loopback,8,16,8192,2,ddp_torch,PyTorch DDP,10,314.64,312.5,4.202697546417856,310.4,NVIDIA A100-SXM4-80GB,measured,out/ratio-sweep-full/session_out/sweep-tcp-m8/20260824T155727Z/results.json
Forced TCP/loopback,16,32,16384,2,ddp_bucketed,Bucketed,10,412.03999999999996,411.1,3.1528470379078795,409.4,NVIDIA A100-SXM4-80GB,measured,out/ratio-sweep-full/session_out/sweep-tcp-m16/20260824T155858Z/results.json
Forced TCP/loopback,16,32,16384,2,ddp_interleaved,Interleaved,10,458.65999999999997,461.1,11.533930620372038,428.4,NVIDIA A100-SXM4-80GB,measured,out/ratio-sweep-full/session_out/sweep-tcp-m16/20260824T155858Z/results.json
Forced TCP/loopback,16,32,16384,2,ddp_naive,Naive,10,501.14,501.25,2.183880338602224,497.4,NVIDIA A100-SXM4-80GB,measured,out/ratio-sweep-full/session_out/sweep-tcp-m16/20260824T155858Z/results.json
Forced TCP/loopback,16,32,16384,2,ddp_torch,PyTorch DDP,10,392.89,384.45,14.17654165631849,382.6,NVIDIA A100-SXM4-80GB,measured,out/ratio-sweep-full/session_out/sweep-tcp-m16/20260824T155858Z/results.json
Forced TCP/loopback,30,60,30720,2,ddp_bucketed,Bucketed,10,523.38,527.0,8.552686387588656,504.7,NVIDIA A100-SXM4-80GB,measured,out/ratio-sweep-full/session_out/sweep-tcp-m30/20260824T160048Z/results.json
Forced TCP/loopback,30,60,30720,2,ddp_interleaved,Interleaved,10,529.8199999999999,534.6,14.11648366666114,492.6,NVIDIA A100-SXM4-80GB,measured,out/ratio-sweep-full/session_out/sweep-tcp-m30/20260824T160048Z/results.json
Forced TCP/loopback,30,60,30720,2,ddp_naive,Naive,10,533.5,535.45,15.062167469819512,514.4,NVIDIA A100-SXM4-80GB,measured,out/ratio-sweep-full/session_out/sweep-tcp-m30/20260824T160048Z/results.json
Forced TCP/loopback,30,60,30720,2,ddp_torch,PyTorch DDP,10,397.46,397.45,2.371216284244581,393.7,NVIDIA A100-SXM4-80GB,measured,out/ratio-sweep-full/session_out/sweep-tcp-m30/20260824T160048Z/results.json
Forced TCP/loopback,60,120,61440,2,ddp_bucketed,Bucketed,10,593.56,592.75,2.5769059828492753,590.4,NVIDIA A100-SXM4-80GB,measured,out/ratio-sweep-full/session_out/sweep-tcp-m60/20260824T160240Z/results.json
Forced TCP/loopback,60,120,61440,2,ddp_interleaved,Interleaved,10,601.3,601.0,4.581848244249627,594.4,NVIDIA A100-SXM4-80GB,measured,out/ratio-sweep-full/session_out/sweep-tcp-m60/20260824T160240Z/results.json
Forced TCP/loopback,60,120,61440,2,ddp_naive,Naive,10,628.08,629.1,12.228000654236169,613.2,NVIDIA A100-SXM4-80GB,measured,out/ratio-sweep-full/session_out/sweep-tcp-m60/20260824T160240Z/results.json
Forced TCP/loopback,60,120,61440,2,ddp_torch,PyTorch DDP,10,453.46,453.95,2.465405082785023,449.9,NVIDIA A100-SXM4-80GB,measured,out/ratio-sweep-full/session_out/sweep-tcp-m60/20260824T160240Z/results.json
Native fabric,8,16,8192,2,ddp_bucketed,Bucketed,10,54.68,54.6,0.1813529401164723,54.5,NVIDIA A100-SXM4-80GB,measured,out/ratio-sweep-full/session_out/sweep-native-m8/20260824T155024Z/results.json
Native fabric,8,16,8192,2,ddp_interleaved,Interleaved,10,54.29,54.25,0.11005049346145952,54.2,NVIDIA A100-SXM4-80GB,measured,out/ratio-sweep-full/session_out/sweep-native-m8/20260824T155024Z/results.json
Native fabric,8,16,8192,2,ddp_naive,Naive,10,55.56,55.4,0.4221637386396701,55.3,NVIDIA A100-SXM4-80GB,measured,out/ratio-sweep-full/session_out/sweep-native-m8/20260824T155024Z/results.json
Native fabric,8,16,8192,2,ddp_torch,PyTorch DDP,10,54.26,54.2,0.15776212754932203,54.0,NVIDIA A100-SXM4-80GB,measured,out/ratio-sweep-full/session_out/sweep-native-m8/20260824T155024Z/results.json
Native fabric,16,32,16384,2,ddp_bucketed,Bucketed,10,94.3,94.25,0.26246692913372716,93.9,NVIDIA A100-SXM4-80GB,measured,out/ratio-sweep-full/session_out/sweep-native-m16/20260824T155205Z/results.json
Native fabric,16,32,16384,2,ddp_interleaved,Interleaved,10,94.22,94.2,0.3359894178227786,93.7,NVIDIA A100-SXM4-80GB,measured,out/ratio-sweep-full/session_out/sweep-native-m16/20260824T155205Z/results.json
Native fabric,16,32,16384,2,ddp_naive,Naive,10,95.06,95.05,0.15055453054181583,94.8,NVIDIA A100-SXM4-80GB,measured,out/ratio-sweep-full/session_out/sweep-native-m16/20260824T155205Z/results.json
Native fabric,16,32,16384,2,ddp_torch,PyTorch DDP,10,94.61,94.7,0.39001424475410007,94.0,NVIDIA A100-SXM4-80GB,measured,out/ratio-sweep-full/session_out/sweep-native-m16/20260824T155205Z/results.json
Native fabric,30,60,30720,2,ddp_bucketed,Bucketed,10,163.72,163.45,0.6957010852370438,162.9,NVIDIA A100-SXM4-80GB,measured,out/ratio-sweep-full/session_out/sweep-native-m30/20260824T155345Z/results.json
Native fabric,30,60,30720,2,ddp_interleaved,Interleaved,10,163.21,162.8,0.8372574275573853,162.2,NVIDIA A100-SXM4-80GB,measured,out/ratio-sweep-full/session_out/sweep-native-m30/20260824T155345Z/results.json
Native fabric,30,60,30720,2,ddp_naive,Naive,10,164.13,163.75,0.7930952023559368,163.3,NVIDIA A100-SXM4-80GB,measured,out/ratio-sweep-full/session_out/sweep-native-m30/20260824T155345Z/results.json
Native fabric,30,60,30720,2,ddp_torch,PyTorch DDP,10,164.11,163.85000000000002,0.8799621203968586,163.1,NVIDIA A100-SXM4-80GB,measured,out/ratio-sweep-full/session_out/sweep-native-m30/20260824T155345Z/results.json
Native fabric,60,120,61440,2,ddp_bucketed,Bucketed,10,309.29,309.1,1.9116310662189275,306.3,NVIDIA A100-SXM4-80GB,measured,out/ratio-sweep-full/session_out/sweep-native-m60/20260824T155531Z/results.json
Native fabric,60,120,61440,2,ddp_interleaved,Interleaved,10,308.08,307.85,0.8377217782639879,307.1,NVIDIA A100-SXM4-80GB,measured,out/ratio-sweep-full/session_out/sweep-native-m60/20260824T155531Z/results.json
Native fabric,60,120,61440,2,ddp_naive,Naive,10,308.67,308.5,1.0781156400559968,307.2,NVIDIA A100-SXM4-80GB,measured,out/ratio-sweep-full/session_out/sweep-native-m60/20260824T155531Z/results.json
Native fabric,60,120,61440,2,ddp_torch,PyTorch DDP,10,312.81,313.1,0.8659612513784193,311.4,NVIDIA A100-SXM4-80GB,measured,out/ratio-sweep-full/session_out/sweep-native-m60/20260824T155531Z/results.json
